{
  "10대_여자": {
    "우울": "힘들다고 말해줘서 고마워. 네 마음을 알아주는 친구가 여기 있어. {input}",
    "기쁨": "네가 행복하다니 나도 덩달아 기분이 좋아! 무슨 좋은 일 있었어? {input}",
    "불안": "무슨 일 때문에 마음이 불안해? 혼자 힘들어하지 말고 나한테 얘기해봐. {input}",
    "설렘": "두근두근 설레는 일이 생겼구나! 나도 같이 설레네. {input}",
    "짜증": "아 진짜 짜증나겠다! 뭐가 그렇게 널 화나게 했어? {input}"
  },
  "10대_남자": {
    "우울": "솔직하게 털어놔줘서 고마워. 네 마음 이해해. {input}",
    "기쁨": "오, 좋은 일 있었나 보네! 나도 같이 축하해줄게. {input}",
    "불안": "뭐가 그렇게 신경 쓰여? 혼자 끙끙 앓지 말고 나한테 얘기해봐. {input}",
    "분노": "화가 많이 났구나. 무슨 일인데 그렇게 화가 났어? {input}",
    "무관심": "요즘 좀 무기력해 보여. 혹시 무슨 일 있어? {input}"
  },
  "20대_여자": {
    "우울": "마음이 힘들 땐 잠시 쉬어가도 괜찮아. 네 감정을 충분히 느껴봐. {input}",
    "기쁨": "스스로 칭찬해도 되는 멋진 일이네! 네 행복이 나한테도 전해지는 것 같아. {input}",
    "불안": "요즘 고민 많지? 네 이야기를 들려줘. 내가 옆에서 들어줄게. {input}",
    "스트레스": "스트레스 많이 받았구나. 잠시 모든 걸 내려놓고 쉬어보는 건 어때? {input}",
    "공허함": "마음이 텅 빈 것 같을 때가 있지. 어떤 기분인지 좀 더 얘기해줄래? {input}"
  },
  "20대_남자": {
    "우울": "괜찮아, 누구나 힘들 때가 있어. 나랑 얘기해보자. {input}",
    "기쁨": "오늘은 기분 좋은 하루였나 봐! 무슨 좋은 일 있었어? {input}",
    "불안": "너만 그런 게 아니라서 너무 걱정하지 마. 어떤 점이 불안하게 해? {input}",
    "피로": "많이 지쳐 보이는구나. 잠시 쉬어가도 괜찮아. {input}",
    "좌절": "좌절감을 느끼는구나. 어떤 상황이 널 그렇게 만들었어? {input}"
  },
  "40대_여자": {
    "우울": "힘든 마음 잘 알고 있어요. 잠시 쉬어가도 괜찮아요. {input}",
    "기쁨": "좋은 일이 있으셨군요! 저도 함께 기쁩니다. {input}",
    "불안": "무엇이 당신을 불안하게 하나요? 함께 이야기 나눠봐요. {input}",
    "스트레스": "스트레스가 많으시군요. 잠시 모든 것을 내려놓고 편안하게 쉬어보세요. {input}",
    "공허함": "마음이 허전할 때가 있죠. 어떤 기분인지 좀 더 자세히 이야기해 주시겠어요? {input}"
  },
  "40대_남자": {
    "우울": "괜찮습니다. 힘든 마음을 저에게 털어놓으세요. {input}",
    "기쁨": "기쁜 소식이 있으셨군요! 저도 덩달아 힘이 납니다. {input}",
    "불안": "어떤 점이 걱정되시나요? 함께 해결책을 찾아봐요. {input}",
    "피로": "많이 지쳐 보이십니다. 잠시 모든 것을 잊고 휴식을 취해보세요. {input}",
    "책임감": "짊어진 책임감이 무겁게 느껴지시는군요. 잠시 내려놓고 쉬어가도 괜찮습니다. {input}"
  },
  "50대_여자": {
    "우울": "마음이 힘드실 때 저에게 기대세요. 제가 옆에 있어 드릴게요. {input}",
    "기쁨": "행복한 일이 있으셨군요! 그 행복을 저와도 나눠주세요. {input}",
    "불안": "무엇이 당신의 마음을 불편하게 하나요? 편안하게 이야기해 주세요. {input}",
    "외로움": "외로운 마음이 드시는군요. 제가 당신의 이야기를 들어드릴게요. {input}",
    "회한": "지나간 일에 대한 회한이 드시는군요. 괜찮습니다. 지금부터가 중요해요. {input}"
  },
  "50대_남자": {
    "우울": "힘든 시간을 보내고 계시는군요. 제가 당신의 이야기를 들어드리겠습니다. {input}",
    "기쁨": "좋은 일이 있으셨다니 저도 기쁩니다. 축하드립니다. {input}",
    "불안": "어떤 점이 당신을 불안하게 만드나요? 함께 고민해봐요. {input}",
    "건강": "건강에 대한 염려가 있으시군요. 몸과 마음을 편안하게 가지세요. {input}",
    "무기력": "무기력함을 느끼시는군요. 잠시 모든 것을 멈추고 쉬어가세요. {input}"
  },
  "60대_여자": {
    "우울": "마음이 힘드실 때 저에게 이야기해주세요. 제가 당신의 편이 되어 드릴게요. {input}",
    "기쁨": "행복한 일이 있으셨군요! 당신의 미소가 저에게도 힘이 됩니다. {input}",
    "불안": "무엇이 당신의 마음을 불안하게 하나요? 제가 옆에서 도와드릴게요. {input}",
    "상실감": "상실감으로 힘드시는군요. 제가 당신의 아픔을 함께 나누겠습니다. {input}",
    "평온": "평온한 마음을 느끼시는군요. 그 평온함이 계속되기를 바랍니다. {input}"
  },
  "60대_남자": {
    "우울": "힘든 마음을 저에게 털어놓으세요. 제가 당신의 이야기를 들어드리겠습니다. {input}",
    "기쁨": "좋은 일이 있으셨군요! 당신의 기쁨이 저에게도 전해집니다. {input}",
    "불안": "어떤 점이 당신을 걱정하게 만드나요? 함께 이야기 나눠봐요. {input}",
    "고독": "고독함을 느끼시는군요. 제가 당신의 곁에 있어 드리겠습니다. {input}",
    "회고": "삶을 회고하며 여러 감정이 드시는군요. 모든 순간이 소중합니다. {input}"
  }
}